id	family	group	language	idiom	type	genlang_point	map	chapter	value1	feature1	name_origin	example_as_in_source	example	translation_as_in_source	translation	gloss	example_comment	source	page	contributor	date
221	West Caucasian	West Circassian	Abadzekh			no	no	Expression of the sense ‘maize’	other	Type of name	nart-millet	nat(ir)if	nat(ir)if	Mais	maize			erckert1895	98	Samira Verhees	May 2025
224	West Caucasian	Abkhaz-Abaza	Abkhaz			no	no	Expression of the sense ‘maize’	hajj-wheat	Type of name	hajj-wheat native	adžikhurej	aǯik'urej	Mais	maize		Turkic according to the author	erckert1895	98	Samira Verhees	May 2025
22	East Caucasian	Lezgic	Agul	Central Agul	dialect_toplevel	yes	yes	Expression of the sense ‘maize’	hajj-wheat	Type of name	haǯibuɣda - Azeri	Х1ЕЖ'ИБУГЪДА	ħežibuʁda	кукуруза	maize			ramazanov2010	648	Samira Verhees	May 2025
63	East Caucasian	Lezgic	Agul	Khutkhul	village	no	yes	Expression of the sense ‘maize’	hajj-wheat	Type of name	haǯibuɣda - Azeri	хIаджибугъда	ħaǯibuʁda	кукуруза	maize			chechuroetal2019	Khutkhul2, Khutkhul3	Samira Verhees	May 2025
20	East Caucasian	Lezgic	Agul	Khutkhul	village	no	no	Expression of the sense ‘maize’	hajj-wheat	Type of name	haǯibuɣda - Azeri	гъяжибугъда	ʁaˤžibuʁda	кукуруза	maize			chechuroetal2019	Khutkhul1, Khutkhul4	Samira Verhees	May 2025
131	East Caucasian	Lezgic	Agul	Tpig	village	no	yes	Expression of the sense ‘maize’	hajj-wheat	Type of name	haǯibuɣda - Azeri	хIеджибугъда	ħeǯibuʁda	кукуруза	maize			chechuroetal2019	Tpig1	Samira Verhees	May 2025
210	East Caucasian	Lezgic	Agul			no	no	Expression of the sense ‘maize’	hajj-wheat	Type of name	haǯibuɣda - Azeri	haži-budaj	haži-budaj	Mais	maize		Turkic according to the author	erckert1895	98	Samira Verhees	May 2025
211	East Caucasian	Lezgic	Agul			no	no	Expression of the sense ‘maize’	hajj-wheat	Type of name	haǯibuɣda - Azeri	hadži-bugda	haǯi-bugda	Mais	maize		Turkic according to the author	erckert1895	98	Samira Verhees	May 2025
218	East Caucasian	Lezgic	Archi	Archib	village	no	no	Expression of the sense ‘maize’	hajj-wheat	Type of name	hajj-wheat native	hadži-xoxo	haǯi-χoχo	Mais	maize		Arabic according to the author	erckert1895	98	Samira Verhees	May 2025
25	East Caucasian	Lezgic	Archi	Archib	village	yes	yes	Expression of the sense ‘maize’	hajj-wheat	Type of name	unclear	гьа1жыла	haˤžɨla	кукуруза	maize			chumakinaetal2007	108	Samira Verhees	May 2025
89	East Caucasian	Avar	Avar	Andalal	dialect_toplevel	no	yes	Expression of the sense ‘maize’	other	Type of name	garɣɯdalɯ - Azeri	гъардали	ʁardali	кукуруза	maize			saidova2008	394	Samira Verhees	May 2025
91	East Caucasian	Avar	Avar	Antsrosunkhada	dialect_nt2	no	yes	Expression of the sense ‘maize’	other	Type of name	garɣɯdalɯ - Azeri	къардали	qːardali	кукуруза	maize			saidova2008	394	Samira Verhees	May 2025
239	East Caucasian	Avar	Avar	Antsukh	dialect_nt1	no	no	Expression of the sense ‘maize’	other	Type of name	unclear	bagdad	bagdad	Mays	maize			guldenstadt1791	515	Samira Verhees	May 2025
87	East Caucasian	Avar	Avar	Baqluq	dialect_nt1	no	yes	Expression of the sense ‘maize’	other	Type of name	unclear	самуч//сасамуч	samuč // sasamuč	кукуруза	maize			saidova2008	394	Samira Verhees	May 2025
95	East Caucasian	Avar	Avar	Batsada	dialect_nt2	no	yes	Expression of the sense ‘maize’	hajj-wheat	Type of name	hajj-wheat native	х1ажикъор	ħažiqʼor	кукуруза	maize			saidova2008	394	Samira Verhees	May 2025
92	East Caucasian	Avar	Avar	Bukhnada	dialect_nt2	no	yes	Expression of the sense ‘maize’	other	Type of name	garɣɯdalɯ - Azeri	къардали	qːardali	кукуруза	maize			saidova2008	394	Samira Verhees	May 2025
86	East Caucasian	Avar	Avar	Bukhti	dialect_nt1	no	yes	Expression of the sense ‘maize’	hajj-wheat	Type of name	unclear	х1ажибдай	ħažibdaj	кукуруза	maize			saidova2008	394	Samira Verhees	May 2025
240	East Caucasian	Avar	Avar	Car	dialect_nt2	no	no	Expression of the sense ‘maize’	other wheat	Type of name	unclear	pinda bugda	pinda bugda	Mays	maize			guldenstadt1791	515	Samira Verhees	May 2025
94	East Caucasian	Avar	Avar	Chadakolob	village	no	yes	Expression of the sense ‘maize’	other	Type of name	simindi - Georgian	ссиминди(яб)	sːimindi(jab)	кукуруза	maize			saidova2008	394	Samira Verhees	May 2025
81	East Caucasian	Avar	Avar	Chukh	dialect_nt1	no	yes	Expression of the sense ‘maize’	other wheat	Type of name	wheat from Transcaucasia	ц1ц1оросоролълъ	cʼːorosaroɬː	кукуруза	maize			saidova2008	394	Samira Verhees	May 2025
27	East Caucasian	Avar	Avar	Hid	dialect_nt1	no	yes	Expression of the sense ‘maize’	other wheat	Type of name	wheat from Transcaucasia	ц1ц1оросаролълъ	cʼːorosaroɬː	кукуруза	maize			saidova2008	394	Samira Verhees	May 2025
96	East Caucasian	Avar	Avar	Qahib	dialect_nt1	no	yes	Expression of the sense ‘maize’	hajj-wheat	Type of name	hajj-wheat native	х1ежолълъ	ħežoɬː	кукуруза	maize			saidova2008	394	Samira Verhees	May 2025
74	East Caucasian	Avar	Avar	Qeleb	dialect_nt1	no	yes	Expression of the sense ‘maize’	other wheat	Type of name	wheat from Transcaucasia	ц1ц1оросаролълъ	cʼːorosaroɬː	кукуруза	maize			saidova2008	394	Samira Verhees	May 2025
83	East Caucasian	Avar	Avar	Khinub	village	no	yes	Expression of the sense ‘maize’	other wheat	Type of name	wheat from Transcaucasia	ццоролълъ	cːoroɬː	кукуруза	maize			saidova2008	394	Samira Verhees	May 2025
241	East Caucasian	Avar	Avar	Khunzaq	dialect_nt2	no	no	Expression of the sense ‘maize’	other wheat	Type of name	wheat from Transcaucasia	zoroto roodl'	zoroto rooɬː	Mays	maize			guldenstadt1791	515	Samira Verhees	May 2025
80	East Caucasian	Avar	Avar	Kudali	village	no	yes	Expression of the sense ‘maize’	other wheat	Type of name	wheat from Transcaucasia	ц1ц1оросоролълъ	cʼːorosaroɬː	кукуруза	maize			saidova2008	394	Samira Verhees	May 2025
84	East Caucasian	Avar	Avar	Kudali-Salta	dialect_nt1	no	yes	Expression of the sense ‘maize’	other wheat	Type of name	unclear	ц1оса рилълъ	cʼosa riɬː	кукуруза	maize			saidova2008	394	Samira Verhees	May 2025
136	East Caucasian	Avar	Avar	Kusur	village	no	yes	Expression of the sense ‘maize’	other	Type of name	unclear	къурдалиб	qʼurdalib	кукуруза	maize			chechuroetal2019	Kusur1	Samira Verhees	May 2025
82	East Caucasian	Avar	Avar	Kuyada	dialect_nt1	no	yes	Expression of the sense ‘maize’	other wheat	Type of name	wheat from Transcaucasia	ццоросаролълъ	cːorosaroɬː	кукуруза	maize			saidova2008	394	Samira Verhees	May 2025
75	East Caucasian	Avar	Avar	Lower Qaraq	dialect_nt2	no	yes	Expression of the sense ‘maize’	other wheat	Type of name	wheat from Transcaucasia	ц1ц1оросаролълъ	cʼːorosaroɬː	кукуруза	maize			saidova2008	394	Samira Verhees	May 2025
77	East Caucasian	Avar	Avar	Mukratl	dialect_nt2	no	yes	Expression of the sense ‘maize’	hajj-wheat	Type of name	haǯibuɣda - Azeri	х1ажибутта	ħažibutta	кукуруза	maize			saidova2008	394	Samira Verhees	May 2025
251	East Caucasian	Avar	Avar	Obokh	village	no	yes	Expression of the sense ‘maize’	other	Type of name	unclear	к1улу	k'ulu	кукуруза	maize			Michael Daniel, p.c.		Samira Verhees	August 2026
78	East Caucasian	Avar	Avar	Rissib	dialect_nt2	no	yes	Expression of the sense ‘maize’	hajj-wheat	Type of name	ħæžkʼa - Chechen	х1ажинк1а	ħažinkʼa	кукуруза	maize			saidova2008	394	Samira Verhees	May 2025
97	East Caucasian	Avar	Avar	Shulani	dialect_nt2	no	yes	Expression of the sense ‘maize’	hajj-wheat	Type of name	hajj-wheat native	х1айлълъулолълъ	ħajɬːuloɬː	кукуруза	maize			saidova2008	394	Samira Verhees	May 2025
85	East Caucasian	Avar	Avar	Sogratl	dialect_nt1	no	yes	Expression of the sense ‘maize’	hajj-wheat	Type of name	hajj-wheat native	х1алълъоролълъ	ħaɬːoroɬː	кукуруза	maize			saidova2008	394	Samira Verhees	May 2025
73	East Caucasian	Avar	Avar	Standard Avar	language	yes	yes	Expression of the sense ‘maize’	other wheat	Type of name	wheat from Transcaucasia	ц1ц1оросаролълъ	cʼːorosaroɬː	кукуруза	maize			saidova2008	394	Samira Verhees	May 2025
93	East Caucasian	Avar	Avar	Tash	dialect_nt2	no	yes	Expression of the sense ‘maize’	other	Type of name	unclear	багьдар	bahdar	кукуруза	maize			saidova2008	394	Samira Verhees	May 2025
76	East Caucasian	Avar	Avar	Tlesserukh	dialect_nt2	no	yes	Expression of the sense ‘maize’	other wheat	Type of name	wheat from Transcaucasia	ц1ц1уросаролълъ	cʼːurosaroɬː	кукуруза	maize			saidova2008	394	Samira Verhees	May 2025
90	East Caucasian	Avar	Avar	Tomur	dialect_nt2	no	yes	Expression of the sense ‘maize’	other	Type of name	garɣɯdalɯ - Azeri	гъардали	ʁardali	кукуруза	maize			saidova2008	394	Samira Verhees	May 2025
79	East Caucasian	Avar	Avar	Upper Qaraq	dialect_nt2	no	yes	Expression of the sense ‘maize’	other	Type of name	unclear	т1ор	tʼor	кукуруза	maize			saidova2008	394	Samira Verhees	May 2025
88	East Caucasian	Avar	Avar	Zaqatala	dialect_nt1	no	yes	Expression of the sense ‘maize’	other	Type of name	garɣɯdalɯ - Azeri	гъардали	ʁardali	кукуруза	maize			saidova2008	394	Samira Verhees	May 2025
195	East Caucasian	Avar	Avar			no	no	Expression of the sense ‘maize’	other wheat	Type of name	wheat from Transcaucasia	tcorocorothl	c'orocoroɬː	Mais, Weizen aus der Ebene	maize			erckert1895	98	Samira Verhees	May 2025
194	East Caucasian	Avar	Avar			no	no	Expression of the sense ‘maize’	other	Type of name	unclear	jaažurul	jaažurul	Mais	maize			erckert1895	98	Samira Verhees	May 2025
5	Turkic	Oghuz	Azerbaijani	Darvag	village	no	yes	Expression of the sense ‘maize’	hajj-wheat	Type of name	haǯibuɣda - Azeri	гьаджибугъда	haǯibuʁda	кукуруза	maize			chechuroetal2019	Darvag1	Samira Verhees	May 2025
98	Turkic	Oghuz	Azerbaijani	Darvag	village	no	yes	Expression of the sense ‘maize’	other	Type of name	garɣɯdalɯ - Azeri	къаргьдали	qːarʁdali	кукуруза	maize			chechuroetal2019	Darvag2	Samira Verhees	May 2025
101	Turkic	Oghuz	Azerbaijani	Darvag	village	no	no	Expression of the sense ‘maize’	hajj-wheat	Type of name	haǯibuɣda - Azeri	хъаджибугъда	qaǯibuʁda	кукуруза	maize			chechuroetal2019	Darvag4, Darvag6	Samira Verhees	May 2025
99	Turkic	Oghuz	Azerbaijani	Darvag	village	no	no	Expression of the sense ‘maize’	hajj-wheat	Type of name	haǯibuɣda - Azeri	хаджбугъда	χaǯbuʁda	кукуруза	maize			chechuroetal2019	Darvag2, Darvag3	Samira Verhees	May 2025
100	Turkic	Oghuz	Azerbaijani	Darvag	village	no	no	Expression of the sense ‘maize’	hajj-wheat	Type of name	haǯibuɣda - Azeri	хаджибугъда	χaǯibuʁda	кукуруза	maize			chechuroetal2019	Darvag4, Darvag5	Samira Verhees	May 2025
185	Turkic	Oghuz	Azerbaijani	Derbent	village	no	yes	Expression of the sense ‘maize’	hajj-wheat	Type of name	haǯibuɣda - Azeri	HACIBUĞDA 	haǯibuɣda	qarğıdalı	maize			obastan	https://obastan.com/azerbaycan-dilinin-dialektoloji-lugeti/h/?l=az	Samira Verhees	May 2025
13	Turkic	Oghuz	Azerbaijani	İlisu	village	no	yes	Expression of the sense ‘maize’	other	Type of name	garɣɯdalɯ - Azeri	qarğıdalı	garɣɯdalɯ	кукуруза	maize			chechuroetal2019	Ilisu1	Samira Verhees	May 2025
187	Turkic	Oghuz	Azerbaijani	Laçın	village	no	yes	Expression of the sense ‘maize’	prophet-wheat	Type of name	pejɣæmbærbuɣda - Azeri	PEYĞƏMBƏR 	pejɣæmbær	qarğıdalı	maize			obastan	https://obastan.com/azerbaycan-dilinin-dialektoloji-lugeti/pe/?l=az	Samira Verhees	May 2025
142	Turkic	Oghuz	Azerbaijani	Qax	village	no	no	Expression of the sense ‘maize’	other	Type of name	garɣɯdalɯ - Azeri	qardalı	gardalɯ	кукуруза	maize			chechuroetal2019	Qax2	Samira Verhees	May 2025
141	Turkic	Oghuz	Azerbaijani	Qax	village	no	yes	Expression of the sense ‘maize’	other	Type of name	garɣɯdalɯ - Azeri	qarğıdalı	garɣɯdalɯ	кукуруза	maize			chechuroetal2019	Qax1, Qax3, Qax7, Qax8, Qax9	Samira Verhees	May 2025
184	Turkic	Oghuz	Azerbaijani	Quba	village	no	no	Expression of the sense ‘maize’	hajj-wheat	Type of name	haǯibuɣda - Azeri	HACIBUĞDA 	haǯibuɣda	qarğıdalı	maize			obastan	https://obastan.com/azerbaycan-dilinin-dialektoloji-lugeti/h/?l=az	Samira Verhees	May 2025
186	Turkic	Oghuz	Azerbaijani	Quba	village	no	no	Expression of the sense ‘maize’	prophet-wheat	Type of name	pejɣæmbærbuɣda - Azeri	PEYĞƏMBƏR 	pejɣæmbær	qarğıdalı	maize			obastan	https://obastan.com/azerbaycan-dilinin-dialektoloji-lugeti/pe/?l=az	Samira Verhees	May 2025
188	Turkic	Oghuz	Azerbaijani	Salyan	village	no	no	Expression of the sense ‘maize’	prophet-wheat	Type of name	pejɣæmbærbuɣda - Azeri	PEYĞAMBIĞDA	pejɣambiɣda	qarğıdalı	maize			obastan	https://obastan.com/azerbaycan-dilinin-dialektoloji-lugeti/pe/?l=az	Samira Verhees	May 2025
189	Turkic	Oghuz	Azerbaijani	Şirvan	village	no	no	Expression of the sense ‘maize’	prophet-wheat	Type of name	pejɣæmbærbuɣda - Azeri	PEYĞƏMBƏRBUĞDA	pejɣæmbærbuɣda	qarğıdalı	maize		In the source it says Əli Bayramlı, I'm assuming they mean present-day Shirvan.	obastan	https://obastan.com/azerbaycan-dilinin-dialektoloji-lugeti/pe/?l=az	Samira Verhees	May 2025
28	Turkic	Oghuz	Azerbaijani	Standard Azerbaijani	language	yes	yes	Expression of the sense ‘maize’	other	Type of name	garɣɯdalɯ - Azeri	qarğıdalı	garɣɯdalɯ	кукуруза	maize		https://en.wiktionary.org/wiki/qar%C4%9F%C4%B1dal%C4%B1	tagiyev2006c	60	Samira Verhees	May 2025
138	Turkic	Oghuz	Azerbaijani	Yersi	village	no	yes	Expression of the sense ‘maize’	hajj-wheat	Type of name	haǯibuɣda - Azeri	гьаджибугъда	haǯibuʁda	кукуруза	maize			chechuroetal2019	Yersi1	Samira Verhees	May 2025
137	Turkic	Oghuz	Azerbaijani	Yersi	village	no	yes	Expression of the sense ‘maize’	other	Type of name	garɣɯdalɯ - Azeri	каргъидалы	karʁidalɨ	кукуруза	maize			chechuroetal2019	Yersi2	Samira Verhees	May 2025
140	Turkic	Oghuz	Azerbaijani	Yersi	village	no	no	Expression of the sense ‘maize’	hajj-wheat	Type of name	haǯibuɣda - Azeri	хъаджибугъда	qaǯibuʁda	кукуруза	maize			chechuroetal2019	Yersi3	Samira Verhees	May 2025
139	Turkic	Oghuz	Azerbaijani	Yersi	village	no	no	Expression of the sense ‘maize’	hajj-wheat	Type of name	haǯibuɣda - Azeri	гъяжибугъда	ʁaˤžibuʁda	кукуруза	maize			chechuroetal2019	Yersi4	Samira Verhees	May 2025
102	East Caucasian	Andic	Bagvalal	Khushtada	village	no	no	Expression of the sense ‘maize’	other	Type of name	unclear	буту(н)дари	butu(n)dari	воздушная кукуруза	roasted maize kernels			magomedova2004	457	Samira Verhees	May 2025
29	East Caucasian	Andic	Bagvalal	Khushtada	village	yes	yes	Expression of the sense ‘maize’	other	Type of name	unclear	чакалъара	čakaɬara	кукуруза	maize			magomedova2004	386	Samira Verhees	May 2025
143	East Caucasian	Andic	Bagvalal	Tlibisho	village	no	yes	Expression of the sense ‘maize’	other wheat	Type of name	unclear	шамакъар	šamaqʼar	кукуруза	maize			chechuroetal2019	Tlibisho1, Tlibisho2, Tlibisho3, Tlibisho4	Samira Verhees	May 2025
103	East Caucasian	Tsezic	Bezhta	Bezhta	village	no	no	Expression of the sense ‘maize’	other	Type of name	simindi - Georgian	симильди	similʲdi	кукуруза	maize			chechuroetal2019	Bezhta2	Samira Verhees	May 2025
4	East Caucasian	Tsezic	Bezhta	Bezhta	village	no	yes	Expression of the sense ‘maize’	other	Type of name	simindi - Georgian	симинди	simindi	кукуруза	maize			chechuroetal2019	Bezhta1	Samira Verhees	May 2025
30	East Caucasian	Tsezic	Bezhta	Bezhta	language	yes	yes	Expression of the sense ‘maize’	other	Type of name	simindi - Georgian	симинди // симилди	simindi // simildi	кукуруза	maize			xalilov2015	413	Samira Verhees	May 2025
31	East Caucasian	Andic	Botlikh	Botlikh	village	yes	yes	Expression of the sense ‘maize’	other wheat	Type of name	unclear	ц1ебекъеру	cʼebeqʼeru	кукуруза	maize			saidovaabusov2012	393	Samira Verhees	May 2025
104	East Caucasian	Andic	Botlikh	Miarso	village	no	yes	Expression of the sense ‘maize’	other wheat	Type of name	unclear	ц1екъеру	cʼeqʼeru	кукуруза	maize			saidovaabusov2012	393	Samira Verhees	May 2025
32	East Caucasian	Lezgic	Budukh	Buduq	village	yes	yes	Expression of the sense ‘maize’	other	Type of name	kukuruza - Russian	кокруз	kokruz	кукуруза	maize			mejlanova1984	78	Samira Verhees	May 2025
214	East Caucasian	Lezgic	Budukh	Buduq	village	no	no	Expression of the sense ‘maize’	prophet-wheat	Type of name	pejɣæmbærbuɣda - Azeri	phejgambar-bugdasi	pejgambar-bugdasi	Mais	maize		Persian and Turkic according to the author	erckert1895	98	Samira Verhees	May 2025
215	East Caucasian	Lezgic	Budukh	Buduq	village	no	no	Expression of the sense ‘maize’	prophet-wheat	Type of name	pejɣæmbærbuɣda - Azeri	phejgambar-bugdasi	pejgambar-bugdasi	Mais	maize		Persian and Turkic according to the author	erckert1895	98	Samira Verhees	May 2025
33	East Caucasian	Andic	Chamalal	Nizhnee Gakvari	village	yes	yes	Expression of the sense ‘maize’	other	Type of name	unclear	ча(н)гал1аа	ča(n)gaƛaː	кукуруза	maize			magomedova1999	289	Samira Verhees	May 2025
106	East Caucasian	Andic	Chamalal	Nizhnee Gakvari	village	no	no	Expression of the sense ‘maize’	other	Type of name	unclear	ч1ути	čʼuti	воздушная кукуруза	roasted maize kernels			magomedova1999	298	Samira Verhees	May 2025
170	East Caucasian	Nakh	Chechen	Standard Chechen	language	no	no	Expression of the sense ‘maize’	other	Type of name	unclear	хьаьаш	ħæaš	кукуруза	maize			aliroev2005	275	Samira Verhees	May 2025
34	East Caucasian	Nakh	Chechen	Standard Chechen	language	yes	yes	Expression of the sense ‘maize’	hajj-wheat	Type of name	ħæžkʼa - Chechen	хьаьжкӀа	ħæžkʼa	кукуруза	maize			aliroev2005	275	Samira Verhees	May 2025
219	East Caucasian	Nakh	Chechen			no	no	Expression of the sense ‘maize’	hajj-wheat	Type of name	hajj-wheat native	haž-giš	haž-giš	Mais	maize		Arabic according to the author	erckert1895	98	Samira Verhees	May 2025
220	East Caucasian	Nakh	Chechen			no	no	Expression of the sense ‘maize’	hajj-wheat	Type of name	hajj-wheat native	xaž-kiš	xaž-kiš	Mais	maize			erckert1895	98	Samira Verhees	May 2025
191	Indo-European	Armenic	Eastern Armenian	Kapan	village	no	no	Expression of the sense ‘maize’	other wheat	Type of name	Egyptian wheat	jegiptacʰoren	jegiptacʰoren	кукуруза	maize			Maxim Stepanyants, p.c.		Samira Verhees	May 2025
190	Indo-European	Armenic	Eastern Armenian	Kapan	village	no	no	Expression of the sense ‘maize’	prophet-wheat	Type of name	pejɣæmbærbuɣda - Azeri	kʰɑmbar'	kʰɑmbar'	кукуруза	maize			Maxim Stepanyants, p.c.		Samira Verhees	May 2025
193	Indo-European	Armenic	Eastern Armenian	Karabagly	village	no	no	Expression of the sense ‘maize’	other	Type of name	kukuruza - Russian	kukuruza	kukuruza	кукуруза	maize			Oleg Pagasov, p.c.		Samira Verhees	May 2025
248	Indo-European	Armenic	Eastern Armenian	Karabagly	village	no	no	Expression of the sense ‘maize’	other	Type of name	simindi - Georgian	симиндир	simindir	кукуруза	maize		Speaker who proposed kukuruza before called me to say others in the village mentioned this variant.	p.c. with a speaker		Samira Verhees	June 2025
26	Indo-European	Armenic	Eastern Armenian	Standard Armenian	language	yes	yes	Expression of the sense ‘maize’	other wheat	Type of name	Egyptian wheat	եգիպտացորեն	jegiptacʰoren	maize	maize		"Egyptian wheat", from Եգիպտոս (Egiptos) +‎ -ա- (-a-) +‎ ցորեն (cʻoren).	Wikiwand	https://www.wikiwand.com/en/dictionary/%D5%A5%D5%A3%D5%AB%D5%BA%D5%BF%D5%A1%D6%81%D5%B8%D6%80%D5%A5%D5%B6#Armenian	Samira Verhees	May 2025
192	Indo-European	Armenic	Eastern Armenian	Syunik	village	no	no	Expression of the sense ‘maize’	other	Type of name	kukuruza - Russian	kuk(u)ruz	kuk(u)ruz	кукуруза	maize			Maxim Stepanyants, p.c.		Samira Verhees	May 2025
1	Kartvelian	Georgic	Georgian	Əlibəyli	village	no	yes	Expression of the sense ‘maize’	other	Type of name	simindi - Georgian	smind	smind	кукуруза	maize			chechuroetal2019	Alibeglo1	Samira Verhees	May 2025
225	Kartvelian	Georgic	Georgian	Ingiloi		no	no	Expression of the sense ‘maize’	other	Type of name	simindi - Georgian	smind	smind	Mais	maize			erckert1895	98	Samira Verhees	May 2025
42	Kartvelian	Georgic	Georgian	Meşəbaş	village	no	yes	Expression of the sense ‘maize’	other	Type of name	simindi - Georgian	simindi	simindi	кукуруза	maize			chechuroetal2019	Meshabash1, Meshabash2	Samira Verhees	May 2025
144	Kartvelian	Georgic	Georgian	Qax	village	no	no	Expression of the sense ‘maize’	other	Type of name	simindi - Georgian	smind	smind	кукуруза	maize			chechuroetal2019	Qax4	Samira Verhees	May 2025
145	Kartvelian	Georgic	Georgian	Qax	village	no	yes	Expression of the sense ‘maize’	other	Type of name	simindi - Georgian	smindi	smindi	кукуруза	maize			chechuroetal2019	Qax5, Qax6	Samira Verhees	May 2025
146	Kartvelian	Georgic	Georgian	Standard Georgian	language	yes	yes	Expression of the sense ‘maize’	other	Type of name	simindi - Georgian	სიმინდი	simindi	maize (Zea mays)	maize			rayfield2006	1160	Samira Verhees	May 2025
226	Kartvelian	Georgic	Georgian			no	no	Expression of the sense ‘maize’	other	Type of name	simindi - Georgian	simidi	simidi	Mais	maize			erckert1895	98	Samira Verhees	May 2025
234	Kartvelian	Georgic	Georgian			no	no	Expression of the sense ‘maize’	other	Type of name	simindi - Georgian	simidi	simidi	Mays	maize			guldenstadt1791	500	Samira Verhees	May 2025
227	Kartvelian	Georgic	Georgian			no	no	Expression of the sense ‘maize’	other	Type of name	simindi - Georgian	simindi	simindi	Mais	maize			erckert1895	98	Samira Verhees	May 2025
105	East Caucasian	Andic	Gigatli	Gigatli	language	yes	yes	Expression of the sense ‘maize’	other	Type of name	unclear	чекал1ара	čekaƛara	кукуруза	maize			magomedova1999	289	Samira Verhees	May 2025
43	East Caucasian	Andic	Godoberi	Godoberi	village	yes	yes	Expression of the sense ‘maize’	hajj-wheat	Type of name	ħæžkʼa - Chechen	х1ежинк1я	ħežinkʼʲa	кукуруза	maize			saidova2006	298	Samira Verhees	May 2025
111	East Caucasian	Andic	Godoberi	Godoberi	village	no	no	Expression of the sense ‘maize’	other	Type of name	unclear	т1уке	tʼuke	воздушная кукуруза	roasted maize kernels			saidova2006	275	Samira Verhees	May 2025
109	East Caucasian	Andic	Godoberi	Godoberi	village	no	no	Expression of the sense ‘maize’	other	Type of name	unclear	т1укя	tʼukʲa	КУКУРУЗА (жареная)	roasted maize kernels			saidova2006	275	Samira Verhees	May 2025
112	East Caucasian	Andic	Godoberi	Zibirkhali	village	no	yes	Expression of the sense ‘maize’	hajj-wheat	Type of name	ħæžkʼa - Chechen	х1ежинк1а	ħežinkʼa	кукуруза	maize			saidova2006	298	Samira Verhees	May 2025
110	East Caucasian	Andic	Godoberi	Zibirkhali	village	no	no	Expression of the sense ‘maize’	other	Type of name	unclear	т1ука	tʼuka	КУКУРУЗА (жареная)	roasted maize kernels			saidova2006	275	Samira Verhees	May 2025
44	East Caucasian	Tsezic	Hinuq	Genukh	village	no	no	Expression of the sense ‘maize’	other	Type of name	unclear	ГЪÁГЪА	ʁaʁa	зерно (полопавшееся при поджаривании), воздушная кукуруза	roasted maize kernels			xalilovisakov2005	191	Samira Verhees	May 2025
171	East Caucasian	Tsezic	Hinuq	Genukh	village	yes	yes	Expression of the sense ‘maize’	other	Type of name	simindi - Georgian	СИМИЛДИ // СИМИНДИ	simildi // simindi	кукуруза	maize			xalilovisakov2005	113	Samira Verhees	May 2025
45	East Caucasian	Tsezic	Hunzib	Hunzib	language	yes	yes	Expression of the sense ‘maize’	other	Type of name	simindi - Georgian	симинди	simindi	кукуруза	maize			isakovxalilov2001	148	Samira Verhees	May 2025
46	East Caucasian	Nakh	Ingush	Standard Ingush	language	yes	yes	Expression of the sense ‘maize’	hajj-wheat	Type of name	ħæžkʼa - Chechen	ХЬАЖКIА	ħažkʼa	кукуруза	maize			bekovaetal2009	731	Samira Verhees	May 2025
237	East Caucasian	Nakh	Ingush			no	no	Expression of the sense ‘maize’	hajj-wheat	Type of name	ħæžkʼa - Chechen	hadschi=t'a	haǯi-k'a	Mays	maize			guldenstadt1791	508	Samira Verhees	May 2025
57	Indo-European	Iranian	Juhuri	Juhuri	language	yes	yes	Expression of the sense ‘maize’	prophet-wheat	Type of name	pejɣæmbærbuɣda - Azeri	PƏQƏMBƏRİ	pægæmbær	кукуруза	maize			naftaliev2016	385	Samira Verhees	May 2025
245	West Caucasian	Kabardian	Kabardian			no	no	Expression of the sense ‘maize’	other	Type of name	nart-millet	nartuch	nartux	Mays	maize		Two more (probably West Caucasian) languages represented on the page, but the names are unclear to me.	guldenstadt1791	531	Samira Verhees	May 2025
222	West Caucasian	Kabardian	Kabardian			no	no	Expression of the sense ‘maize’	other	Type of name	nart-millet	narux	naruχ	Mais	maize			erckert1895	98	Samira Verhees	May 2025
113	East Caucasian	Dargwa	Kajtag	Dzhavgat	village	no	yes	Expression of the sense ‘maize’	hajj-wheat	Type of name	hajj-wheat native	гьяжилач1и	haˤžilačʼi	кукуруза	maize			chechuroetal2019	Dzhavgat3, Dzhavgat4	Samira Verhees	May 2025
7	East Caucasian	Dargwa	Kajtag	Dzhavgat	village	no	no	Expression of the sense ‘maize’	hajj-wheat	Type of name	hajj-wheat native	гьяжилаъач1и	haˤžilaʔačʼi	кукуруза	maize			chechuroetal2019	Dzhavgat2	Samira Verhees	May 2025
115	East Caucasian	Dargwa	Kajtag	Dzhibakhni	village	no	no	Expression of the sense ‘maize’	hajj-wheat	Type of name	hajj-wheat native	х1ажилач1и	ħažilačʼi	кукуруза	maize			chechuroetal2019	Dzhibakhni4	Samira Verhees	May 2025
8	East Caucasian	Dargwa	Kajtag	Dzhibakhni	village	yes	yes	Expression of the sense ‘maize’	hajj-wheat	Type of name	hajj-wheat native	гьяжилач1и	haˤžilačʼi	кукуруза	maize			chechuroetal2019	Dzhibakhni1	Samira Verhees	May 2025
114	East Caucasian	Dargwa	Kajtag	Dzhibakhni	village	no	no	Expression of the sense ‘maize’	hajj-wheat	Type of name	hajj-wheat native	гьяжилаъач1и	haˤžilaʔačʼi	кукуруза	maize			chechuroetal2019	Dzhibakhni2, Dzhibakhni3	Samira Verhees	May 2025
203	East Caucasian	Dargwa	Kajtag	Kajtag	language	no	no	Expression of the sense ‘maize’	hajj-wheat	Type of name	hajj-wheat native	hadžil-ači	haǯil-ači	Mais	maize			erckert1895	98	Samira Verhees	May 2025
202	East Caucasian	Dargwa	Kajtag	Kajtag	language	no	no	Expression of the sense ‘maize’	hajj-wheat	Type of name	hajj-wheat native	hadžil-ankhi	haǯil-ank'i	Mais	maize			erckert1895	98	Samira Verhees	May 2025
116	East Caucasian	Andic	Karata	Anchik	village	no	no	Expression of the sense ‘maize’	other wheat	Type of name	unclear	ц1окъори	cʼoqʼori	кукуруза	maize			chechuroetal2019	Anchikh2	Samira Verhees	May 2025
2	East Caucasian	Andic	Karata	Anchik	village	no	yes	Expression of the sense ‘maize’	other wheat	Type of name	unclear	ц1орокъори	cʼoroqʼori	кукуруза	maize			chechuroetal2019	Anchikh1	Samira Verhees	May 2025
119	East Caucasian	Andic	Karata	Karata	village	no	no	Expression of the sense ‘maize’	other	Type of name	unclear	кьему	ƛ’emu	воздушная кукуруза	roasted maize kernels			magomedovaxalidova2001	347	Samira Verhees	May 2025
117	East Caucasian	Andic	Karata	Karata	village	yes	yes	Expression of the sense ‘maize’	other wheat	Type of name	unclear	щамакъеру	šːamaqʼeru	кукуруза	maize			chechuroetal2019	Karata4	Samira Verhees	May 2025
47	East Caucasian	Andic	Karata	Karata	village	no	no	Expression of the sense ‘maize’	other wheat	Type of name	unclear	щамакъуру	šːamaqʼuru	кукуруза	maize			magomedovaxalidova2001	332, 368	Samira Verhees	May 2025
14	East Caucasian	Andic	Karata	Karata	village	no	no	Expression of the sense ‘maize’	other wheat	Type of name	unclear	шамакъуру	šamaqʼuru	кукуруза	maize		Could this somehow be related to Tabasaran šemaxi-daxin reported by Erckert (1895), see item 213.	chechuroetal2019	Karata1, Karata2, Karata3	Samira Verhees	May 2025
120	East Caucasian	Andic	Karata	Karata	village	no	no	Expression of the sense ‘maize’	other	Type of name	unclear	у(н)салъи	u(n)saɬi	воздушная кукуруза	roasted maize kernels			magomedovaxalidova2001	347	Samira Verhees	May 2025
147	East Caucasian	Andic	Tukita	Tukita	village	no	no	Expression of the sense ‘maize’	hajj-wheat	Type of name	hajj-wheat native	х1еч1къир	ħečʼqʼir	кукуруза	maize			chechuroetal2019	Tukita1, Tukita5	Samira Verhees	May 2025
118	East Caucasian	Andic	Tukita	Tukita	village	no	yes	Expression of the sense ‘maize’	hajj-wheat	Type of name	hajj-wheat native	х1ежкъир	ħežqʼir	кукуруза	maize			magomedovaxalidova2001	302, 332	Samira Verhees	May 2025
148	East Caucasian	Andic	Tukita	Tukita	village	no	no	Expression of the sense ‘maize’	hajj-wheat	Type of name	hajj-wheat native	х1ежкъир	ħežqʼir	кукуруза	maize			chechuroetal2019	Tukita2, Tukita3, Tukita4	Samira Verhees	May 2025
217	East Caucasian	Khinalug	Khinalug	Xınalıq	village	no	no	Expression of the sense ‘maize’	other	Type of name	garɣɯdalɯ - Azeri	kargudali	kargudali	Mais	maize		Persian and Turkic according to the author	erckert1895	98	Samira Verhees	May 2025
48	East Caucasian	Khinalug	Khinalug	Xınalıq	village	no	yes	Expression of the sense ‘maize’	other	Type of name	kukuruza - Russian	кокруз	kokruz	кукуруза	maize			ganieva2002	155	Samira Verhees	May 2025
172	East Caucasian	Khinalug	Khinalug	Xınalıq	village	yes	yes	Expression of the sense ‘maize’	other	Type of name	garɣɯdalɯ - Azeri	КЪОРг1АЬДАЛи	qːorʕædali	кукуруза	maize			ganieva2002	176	Samira Verhees	May 2025
173	East Caucasian	Khinalug	Khinalug	Xınalıq	village	no	no	Expression of the sense ‘maize’	other	Type of name	unclear	хъим	qim	вареная кукуруза	boiled maize			ganieva2002	313	Samira Verhees	May 2025
49	East Caucasian	Tsezic	Khwarshi	Inkhokvari	village	yes	yes	Expression of the sense ‘maize’	other	Type of name	unclear	чакар	čakar	кукуруза	maize			dzhidalaevetal2022	593	Samira Verhees	May 2025
175	East Caucasian	Tsezic	Khwarshi	Inkhokvari	village	no	no	Expression of the sense ‘maize’	other	Type of name	unclear	МИ́ГЬ/Е	mihe	попкорн, воздушная кукуруза; жареные зёрна (пшеницы, кукурузы);	roasted maize kernels			dzhidalaevetal2022	417	Samira Verhees	May 2025
174	East Caucasian	Tsezic	Khwarshi	Inkhokvari	village	no	no	Expression of the sense ‘maize’	other	Type of name	unclear	гъагъа	ʁaʁa	попкорн (взорванные термической обработкой) зерна; воздушная кукуруза;	roasted maize kernels			dzhidalaevetal2022	118	Samira Verhees	May 2025
216	East Caucasian	Lezgic	Kryz	Jek	dialect_toplevel	no	no	Expression of the sense ‘maize’	prophet-wheat	Type of name	pejɣæmbærbuɣda - Azeri	phejgambardža-kul	pejgambarǯa-kul	Mais	maize			erckert1895	98	Samira Verhees	May 2025
50	East Caucasian	Lezgic	Kryz	Qrız	village	yes	yes	Expression of the sense ‘maize’	other	Type of name	kukuruza - Russian	kakruz	kakruz	maize, corn	maize			hummatovrindpawlowski2020	191	Samira Verhees	May 2025
201	East Caucasian	Dargwa	Kubachi	Kubachi	village	no	no	Expression of the sense ‘maize’	hajj-wheat	Type of name	hajj-wheat native	hadžil-ači	haǯil-ači	Mais	maize			erckert1895	98	Samira Verhees	May 2025
38	East Caucasian	Dargwa	Kubachi	Kubachi	village	yes	yes	Expression of the sense ‘maize’	hajj-wheat	Type of name	hajj-wheat native	ХIЯЖЛАЧI-Е	ħjažlačʼe	кукуруза	maize		(букв. зерно хаджа)	magomedovsaidovakutta2017	339	Samira Verhees	May 2025
51	Turkic	Kipchak	Kumyk	Standard Kumyk	language	yes	yes	Expression of the sense ‘maize’	hajj-wheat	Type of name	unclear	ГЬАБИЖАЙ	habižaj	кукуруза	maize			bammatov2013	94	Samira Verhees	May 2025
250	East Caucasian	Lak	Lak	Kuba	village	no	yes	Expression of the sense ‘maize’	hajj-wheat	Type of name	hajj-wheat native	гьяжул лач1а	ħaˤžul lač'a	кукуруза	maize			Michael Daniel, p.c.		Samira Verhees	August 2026
242	East Caucasian	Lak	Lak	Kumukh	dialect_nt1	no	no	Expression of the sense ‘maize’	other wheat	Type of name	king-wheat	tschachnalet'e	čaχnalek'e	Mays	maize			guldenstadt1791	523	Samira Verhees	May 2025
176	East Caucasian	Lak	Lak	Standard Lak	language	no	yes	Expression of the sense ‘maize’	hajj-wheat	Type of name	ħæžkʼa - Chechen	Х1АЖИК1А	ħažikʼa	кукуруза	maize			abdullaev2018	2206	Samira Verhees	May 2025
177	East Caucasian	Lak	Lak	Standard Lak	language	no	yes	Expression of the sense ‘maize’	hajj-wheat	Type of name	hajj-wheat native	Х1АЖЛУЛ ЛАЧ1А	ħažul lačʼa	диал. кукуруза	maize			abdullaev2018	2206	Samira Verhees	May 2025
52	East Caucasian	Lak	Lak	Standard Lak	language	no	no	Expression of the sense ‘maize’	other	Type of name	unclear	ПАРХХУЧ	parχːuč	жареные зёрна кукурузы	roasted maize kernels			abdullaev2018	1768	Samira Verhees	May 2025
178	East Caucasian	Lak	Lak	Standard Lak	language	yes	yes	Expression of the sense ‘maize’	other wheat	Type of name	king-wheat	шагьнал лач1а	šahnal lačʼa	кукуруза	maize		шагь = shah	abdullaev2018	1407	Samira Verhees	May 2025
198	East Caucasian	Lak	Lak			no	no	Expression of the sense ‘maize’	other wheat	Type of name	king-wheat	šaxnal-lača	šaxnal-lača	Mais	maize			erckert1895	98	Samira Verhees	May 2025
199	East Caucasian	Lak	Lak			no	no	Expression of the sense ‘maize’	hajj-wheat	Type of name	hajj-wheat native	xažnul-lača	χažnul-lača	Mais	maize			erckert1895	98	Samira Verhees	May 2025
232	Kartvelian	Zan	Laz			no	no	Expression of the sense ‘maize’	other	Type of name	unclear	lazuthi	lazut'i	Mais	maize			erckert1895	98	Samira Verhees	May 2025
121	East Caucasian	Lezgic	Lezgian	Ashaga-Arkhit	village	no	no	Expression of the sense ‘maize’	hajj-wheat	Type of name	haǯibuɣda - Azeri	а1джибугъда	aˤǯibuʁda	кукуруза	maize			chechuroetal2019	Arkhit4	Samira Verhees	May 2025
3	East Caucasian	Lezgic	Lezgian	Ashaga-Arkhit	village	no	yes	Expression of the sense ‘maize’	hajj-wheat	Type of name	haǯibuɣda - Azeri	гьажибугъда	hažibuʁda	кукуруза	maize			chechuroetal2019	Arkhit3, Arkhit6	Samira Verhees	May 2025
122	East Caucasian	Lezgic	Lezgian	Ashaga-Arkhit	village	no	no	Expression of the sense ‘maize’	other	Type of name	unclear	къаш	qːaš	кукуруза	maize			chechuroetal2019	Arkhit5	Samira Verhees	May 2025
151	East Caucasian	Lezgic	Lezgian	Ashaga-Tsinit	village	no	yes	Expression of the sense ‘maize’	hajj-wheat	Type of name	haǯibuɣda - Azeri	гьажибугъда	hažibuʁda	кукуруза	maize			chechuroetal2019	Tsinit1, Tsinit3, Tsinit4	Samira Verhees	May 2025
150	East Caucasian	Lezgic	Lezgian	Ashaga-Tsinit	village	no	no	Expression of the sense ‘maize’	hajj-wheat	Type of name	haǯibuɣda - Azeri	гьаджибугъда	haǯibuʁda	кукуруза	maize			chechuroetal2019	Tsinit5	Samira Verhees	May 2025
152	East Caucasian	Lezgic	Lezgian	Ashaga-Tsinit	village	no	no	Expression of the sense ‘maize’	hajj-wheat	Type of name	haǯibuɣda - Azeri	гъажибугъда	ʁažibuʁda	кукуруза	maize			chechuroetal2019	Tsinit2	Samira Verhees	May 2025
9	East Caucasian	Lezgic	Lezgian	Fiy	village	no	yes	Expression of the sense ‘maize’	other	Type of name	garɣɯdalɯ - Azeri	къаргъуделиъ	qːarʁudeli	кукуруза	maize			chechuroetal2019	Fiy1,Fiy2	Samira Verhees	May 2025
10	East Caucasian	Lezgic	Lezgian	Gdym	village	no	yes	Expression of the sense ‘maize’	other	Type of name	garɣɯdalɯ - Azeri	къаргъудали	qːarʁudali	кукуруза	maize			chechuroetal2019	Gdym1,Gdym2	Samira Verhees	May 2025
17	East Caucasian	Lezgic	Lezgian	Khlyut	village	no	yes	Expression of the sense ‘maize’	hajj-wheat	Type of name	haǯibuɣda - Azeri	ажибулда	ažibulda	кукуруза	maize			chechuroetal2019	Khlyut2	Samira Verhees	May 2025
123	East Caucasian	Lezgic	Lezgian	Khlyut	village	no	no	Expression of the sense ‘maize’	other	Type of name	kukuruza - Russian	кукуруз	kukuruz	кукуруза	maize			chechuroetal2019	Khlyut1, Khlyut2, Khlyut4, Khlyut5	Samira Verhees	May 2025
149	East Caucasian	Lezgic	Lezgian	Kurag	village	no	yes	Expression of the sense ‘maize’	hajj-wheat	Type of name	haǯibuɣda - Azeri	хIаджибугъда	ħaǯibuʁda	кукуруза	maize			chechuroetal2019	Kurag1	Samira Verhees	May 2025
208	East Caucasian	Lezgic	Lezgian	Kyure	dialect_toplevel	no	no	Expression of the sense ‘maize’	other wheat	Type of name	unclear	kulin-xkghuil	kulin-q'uil	Mais	maize			erckert1895	98	Samira Verhees	May 2025
207	East Caucasian	Lezgic	Lezgian	Kyure	dialect_toplevel	no	no	Expression of the sense ‘maize’	other wheat	Type of name	king-wheat	šahdi-xkghuil	šahdi-q'uil	Mais, Königs-Weizen	maize			erckert1895	98	Samira Verhees	May 2025
53	East Caucasian	Lezgic	Lezgian	Standard Lezgian	language	yes	yes	Expression of the sense ‘maize’	hajj-wheat	Type of name	haǯibuɣda - Azeri	гьажибугъда	hažibuʁda	кукуруза	maize			talibovgadzhiev1966	97	Samira Verhees	May 2025
180	East Caucasian	Lezgic	Lezgian	Standard Lezgian	language	no	yes	Expression of the sense ‘maize’	hajj-wheat	Type of name	ħæžkʼa - Chechen	гьажик1а	hažikʼa	кукуруза	maize			talibovgadzhiev1966	97	Samira Verhees	May 2025
179	East Caucasian	Lezgic	Lezgian	Standard Lezgian	language	no	no	Expression of the sense ‘maize’	other	Type of name	kukuruza - Russian	кукуруз	kukuruz	кукуруза	maize			talibovgadzhiev1966	165	Samira Verhees	May 2025
133	East Caucasian	Andic	Lower Andi	Kvankhidatli	village	yes	yes	Expression of the sense ‘maize’	other	Type of name	unclear	ц1огъоркьи	cʼoʁorƛʼi	кукуруза	maize			chechuroetal2019	Kwankhidatli1	Samira Verhees	May 2025
249	East Caucasian	Dargwa	Mehweb	Megeb	village	yes	yes	Expression of the sense ‘maize’	hajj-wheat	Type of name	hajj-wheat native	х1яжила анч1и	ħaˤžila anč'i	кукуруза	maize			Michael Daniel, p.c.		Samira Verhees	August 2026
230	Kartvelian	Zan	Mingrelian			no	no	Expression of the sense ‘maize’	other	Type of name	unclear	laïti	laïti	Mais	maize			erckert1895	98	Samira Verhees	May 2025
229	Kartvelian	Zan	Mingrelian			no	no	Expression of the sense ‘maize’	other	Type of name	unclear	lazěti	lazěti	Mais	maize			erckert1895	98	Samira Verhees	May 2025
231	Kartvelian	Zan	Mingrelian			no	no	Expression of the sense ‘maize’	other	Type of name	simindi - Georgian	simidi	simidi	Mais	maize			erckert1895	98	Samira Verhees	May 2025
235	Kartvelian	Zan	Mingrelian			no	no	Expression of the sense ‘maize’	other	Type of name	simindi - Georgian	simidi	simidi	Mays	maize			guldenstadt1791	500	Samira Verhees	May 2025
228	Kartvelian	Zan	Mingrelian			no	no	Expression of the sense ‘maize’	other	Type of name	simindi - Georgian	simindi	simindi	Mais	maize			erckert1895	98	Samira Verhees	May 2025
108	East Caucasian	Dargwa	Muira	Muira	language	yes	yes	Expression of the sense ‘maize’	hajj-wheat	Type of name	haǯibuɣda - Azeri	хIяжибудай	ħjažibudaj	кукуруза	maize			Dargwa dictionary project	https://lingconlab.ru/dargwa_dict/	Samira Verhees	May 2025
54	Turkic	Kipchak	Nogai	Standard Nogai	language	yes	yes	Expression of the sense ‘maize’	other	Type of name	nart-millet	наьртуьк	nærtyk	кукуруза	maize		Probably borrowed from West Caucasian, see the dictionary of Caucasian languages by Klimov & Xalilov on 'maize'	baskakov1963	235	Samira Verhees	May 2025
23	East Caucasian	Andic	Northern Akhvakh	Tad-Magitl'	village	no	no	Expression of the sense ‘maize’	other wheat	Type of name	unclear	ЧIАКЪИРУ	čʼaqʼiru	кукуруза	maize			magomedovaabdulaeva2007	441	Samira Verhees	May 2025
132	East Caucasian	Andic	Northern Akhvakh	Tad-Magitl'	village	yes	yes	Expression of the sense ‘maize’	other wheat	Type of name	unclear	ч1акъиру	čʼaqʼiru	кукуруза	maize			chechuroetal2019	Tad-Magitl1, Tad-Magitl2	Samira Verhees	May 2025
64	East Caucasian	Andic	Northern Akhvakh	Tad-Magitl'	village	no	no	Expression of the sense ‘maize’	other	Type of name	unclear	КЬИМА	ƛ’ima	воздушная кукуруза	roasted maize kernels			magomedovaabdulaeva2007	245	Samira Verhees	May 2025
244	East Caucasian	Dargwa	Northern Dargwa	Aqusha	dialect_nt1	no	no	Expression of the sense ‘maize’	hajj-wheat	Type of name	hajj-wheat native	hadschglant'e	haǯglank'e	Mays	maize			guldenstadt1791	523	Samira Verhees	May 2025
204	East Caucasian	Dargwa	Northern Dargwa	Aqusha	dialect_nt1	no	no	Expression of the sense ‘maize’	hajj-wheat	Type of name	hajj-wheat native	hadžil-ankhi	haǯil-ank'i	Mais	maize			erckert1895	98	Samira Verhees	May 2025
107	East Caucasian	Dargwa	Northern Dargwa	Kadar	village	no	yes	Expression of the sense ‘maize’	hajj-wheat	Type of name	hajj-wheat native	хIажле́нкIи	ħažlenkʼi	кукуруза	maize			Dargwa dictionary project	https://lingconlab.ru/dargwa_dict/	Samira Verhees	May 2025
35	East Caucasian	Dargwa	Northern Dargwa	Standard Dargwa	language	yes	yes	Expression of the sense ‘maize’	hajj-wheat	Type of name	hajj-wheat native	ХIЯЖЛАНКIИ	ħjažlankʼi	кукуруза	maize			yusupov2014	1043	Samira Verhees	May 2025
205	East Caucasian	Dargwa	Northern Dargwa	Urakhi	dialect_toplevel	no	yes	Expression of the sense ‘maize’	hajj-wheat	Type of name	hajj-wheat native	xhažl-ankhi	ħažl-ank'i	Mais	maize			erckert1895	98	Samira Verhees	May 2025
246	Indo-European	Iranian	Ossetic	Digor		no	no	Expression of the sense ‘maize’	other	Type of name	nart-millet	nartuchar	nartuxar	Mays	maize		Another language listed on the page which appears to be Afghan. Not sure why it is included	guldenstadt1791	540	Samira Verhees	May 2025
247	Indo-European	Iranian	Ossetic	Iron		no	no	Expression of the sense ‘maize’	other	Type of name	nart-millet	nartuchar	nartuxar	Mays	maize		Another language listed on the page which appears to be Afghan. Not sure why it is included	guldenstadt1791	540	Samira Verhees	May 2025
124	East Caucasian	Lezgic	Rutul	Ikhrek	village	no	no	Expression of the sense ‘maize’	other	Type of name	garɣɯdalɯ - Azeri	каргъудали	karʁudali	кукуруза	maize			chechuroetal2019	Ikhrek4	Samira Verhees	May 2025
12	East Caucasian	Lezgic	Rutul	Ikhrek	village	no	yes	Expression of the sense ‘maize’	other	Type of name	garɣɯdalɯ - Azeri	къаргъудали	qːarʁudali	кукуруза	maize			chechuroetal2019	Ikhrek1, Ikhrek2, Ikhrek3	Samira Verhees	May 2025
18	East Caucasian	Lezgic	Borch-Khnov	Khnov	village	yes	yes	Expression of the sense ‘maize’	other	Type of name	garɣɯdalɯ - Azeri	къаргъудале	qːarʁudale	кукуруза	maize			chechuroetal2019	Khnov1, Khnov2, Khnov3	Samira Verhees	May 2025
125	East Caucasian	Lezgic	Rutul	Kiche	village	no	no	Expression of the sense ‘maize’	other	Type of name	kukuruza - Russian	кукуруза	kukuruza	кукуруза	maize			chechuroetal2019	Kiche2	Samira Verhees	May 2025
21	East Caucasian	Lezgic	Rutul	Kiche	village	no	yes	Expression of the sense ‘maize’	other	Type of name	garɣɯdalɯ - Azeri	къаргъадалай	qːarʁadalaj	кукуруза	maize			chechuroetal2019	Kiche1	Samira Verhees	May 2025
154	East Caucasian	Lezgic	Rutul	Kina	village	no	no	Expression of the sense ‘maize’	other	Type of name	garɣɯdalɯ - Azeri	каргъаделле	karʁadelle	кукуруза	maize			chechuroetal2019	Kina1, Kina1a	Samira Verhees	May 2025
155	East Caucasian	Lezgic	Rutul	Kina	village	no	yes	Expression of the sense ‘maize’	other	Type of name	garɣɯdalɯ - Azeri	къаргъудели	qːarʁudali	кукуруза	maize			chechuroetal2019	Kina2, Kina3, Kina4, Kina5, Kina2a, Kina3a	Samira Verhees	May 2025
153	East Caucasian	Lezgic	Rutul	Rutul	village	no	yes	Expression of the sense ‘maize’	other	Type of name	garɣɯdalɯ - Azeri	къаргъадалый	qːarʁadalɨj	кукуруза	maize			chechuroetal2019	Rutul1	Samira Verhees	May 2025
55	East Caucasian	Lezgic	Rutul	Standard Rutul	language	yes	yes	Expression of the sense ‘maize’	other	Type of name	garɣɯdalɯ - Azeri	къаргъа'далый	qːarʁadalɨj	кукуруза	maize			alisultanovsulejmanova2019	207	Samira Verhees	May 2025
223	West Caucasian	West Circassian	Shapsug			no	no	Expression of the sense ‘maize’	other	Type of name	nart-millet	natraf	natraf	Mais	maize			erckert1895	98	Samira Verhees	May 2025
69	East Caucasian	Andic	Southern Akhvakh	Ratlub	village	yes	yes	Expression of the sense ‘maize’	other wheat	Type of name	unclear	ч1абакъири	čʼabaqʼiri	кукуруза	maize			magomedovaabdulaeva2007	441	Samira Verhees	May 2025
65	East Caucasian	Andic	Southern Akhvakh	Ratlub	village	no	no	Expression of the sense ‘maize’	other	Type of name	unclear	кьемо	ƛ’emo	воздушная кукуруза	roasted maize kernels			magomedovaabdulaeva2007	245	Samira Verhees	May 2025
66	East Caucasian	Andic	Southern Akhvakh	Tlyanub	village	no	no	Expression of the sense ‘maize’	other	Type of name	unclear	кьемо	ƛ’emo	воздушная кукуруза	roasted maize kernels			magomedovaabdulaeva2007	245	Samira Verhees	May 2025
68	East Caucasian	Andic	Southern Akhvakh	Tlyanub	village	no	yes	Expression of the sense ‘maize’	other wheat	Type of name	unclear	ссессукъури	sːesːuqʼuri	кукуруза	maize			magomedovaabdulaeva2007	441	Samira Verhees	May 2025
67	East Caucasian	Andic	Southern Akhvakh	Tsekob	village	no	yes	Expression of the sense ‘maize’	other wheat	Type of name	unclear	ч1ессукъарсс	čʼesːuqʼarsː	кукуруза	maize			magomedovaabdulaeva2007	441	Samira Verhees	May 2025
41	East Caucasian	Dargwa	Southwestern Dargwa	Tanty	village	yes	yes	Expression of the sense ‘maize’	hajj-wheat	Type of name	hajj-wheat native	хIяжламукки	ħjažlamukːi	кукуруза	maize			Dargwa dictionary project	https://lingconlab.ru/dargwa_dict/	Samira Verhees	May 2025
200	East Caucasian	Dargwa	Southwestern Dargwa	Upper Vurqun	dialect_toplevel	no	no	Expression of the sense ‘maize’	hajj-wheat	Type of name	hajj-wheat native	hadžil-ači	haǯil-ači	Mais	maize			erckert1895	98	Samira Verhees	May 2025
233	Kartvelian	Svan	Svan			no	no	Expression of the sense ‘maize’	other	Type of name	simindi - Georgian	simind	simind	Mais	maize			erckert1895	98	Samira Verhees	May 2025
236	Kartvelian	Svan	Svan			no	no	Expression of the sense ‘maize’	other	Type of name	simindi - Georgian	simind	simind	Mays	maize			guldenstadt1791	500	Samira Verhees	May 2025
6	East Caucasian	Lezgic	Tabasaran	Dyubek	village	no	yes	Expression of the sense ‘maize’	hajj-wheat	Type of name	hajj-wheat native	гьяджиндяхин	haˤǯindaˤχin	кукуруза	maize			chechuroetal2019	Dyubek1, Dyubek2,Dyubek3, Dyubek4	Samira Verhees	May 2025
126	East Caucasian	Lezgic	Tabasaran	Khapil'	village	no	no	Expression of the sense ‘maize’	hajj-wheat	Type of name	haǯibuɣda - Azeri	гьяжибугъда	haˤžibuʁda	кукуруза	maize			chechuroetal2019	Khapil3	Samira Verhees	May 2025
127	East Caucasian	Lezgic	Tabasaran	Khapil'	village	no	no	Expression of the sense ‘maize’	hajj-wheat	Type of name	hajj-wheat native	гьяжидяхин	haˤžidaˤχin	кукуруза	maize			chechuroetal2019	Khapil5	Samira Verhees	May 2025
15	East Caucasian	Lezgic	Tabasaran	Khapil'	village	no	yes	Expression of the sense ‘maize’	hajj-wheat	Type of name	hajj-wheat native	гьяджидяхин	haˤǯidaˤχin	кукуруза	maize			chechuroetal2019	Khapil1, Khapil2, Khapil4	Samira Verhees	May 2025
128	East Caucasian	Lezgic	Tabasaran	Khiv	village	no	yes	Expression of the sense ‘maize’	hajj-wheat	Type of name	haǯibuɣda - Azeri	гьяджибугъда	haˤǯibuʁda	кукуруза	maize			chechuroetal2019	Khiv3, Khiv4	Samira Verhees	May 2025
16	East Caucasian	Lezgic	Tabasaran	Khiv	village	no	no	Expression of the sense ‘maize’	hajj-wheat	Type of name	haǯibuɣda - Azeri	гъаджибугъда	ʁaǯibuʁda	кукуруза	maize			chechuroetal2019	Khiv1, Khiv2	Samira Verhees	May 2025
129	East Caucasian	Lezgic	Tabasaran	Khoredzh	village	no	yes	Expression of the sense ‘maize’	hajj-wheat	Type of name	haǯibuɣda - Azeri	гьяджибугъда	haˤǯibuʁda	кукуруза	maize			chechuroetal2019	Khoredzh4, Khoredzh5, Khoredzh6	Samira Verhees	May 2025
19	East Caucasian	Lezgic	Tabasaran	Khoredzh	village	no	no	Expression of the sense ‘maize’	hajj-wheat	Type of name	haǯibuɣda - Azeri	гъаджибугъда	ʁaǯibuʁda	кукуруза	maize			chechuroetal2019	Khoredzh1, Khoredzh2	Samira Verhees	May 2025
156	East Caucasian	Lezgic	Tabasaran	Laka	village	no	yes	Expression of the sense ‘maize’	hajj-wheat	Type of name	haǯibuɣda - Azeri	гьяджбугъда	haˤǯibuʁda	кукуруза	maize			chechuroetal2019	Laka1, Laka4, Laka5, Laka6	Samira Verhees	May 2025
157	East Caucasian	Lezgic	Tabasaran	Laka	village	no	no	Expression of the sense ‘maize’	hajj-wheat	Type of name	haǯibuɣda - Azeri	гъаджибугъда	ʁaǯibuʁda	кукуруза	maize			chechuroetal2019	Laka2, Laka3	Samira Verhees	May 2025
56	East Caucasian	Lezgic	Tabasaran	Standard Tabasaran	language	yes	yes	Expression of the sense ‘maize’	hajj-wheat	Type of name	haǯibuɣda - Azeri	ГЬЯЖЙБУГЪДА	haˤžibuʁda	кукуруза	maize			xanmagomedovshalbuzov2001	133	Samira Verhees	May 2025
181	East Caucasian	Lezgic	Tabasaran	Standard Tabasaran	language	no	yes	Expression of the sense ‘maize’	hajj-wheat	Type of name	hajj-wheat native	ГЬЯЖЙДЯХИН	haˤžidaˤxin	кукуруза	maize			xanmagomedovshalbuzov2001	133	Samira Verhees	May 2025
158	East Caucasian	Lezgic	Tabasaran	Tatil'	village	no	no	Expression of the sense ‘maize’	hajj-wheat	Type of name	hajj-wheat native	гьяжидяхин	haˤžidaˤχin	кукуруза	maize			chechuroetal2019	Tatil1, Tatil4	Samira Verhees	May 2025
159	East Caucasian	Lezgic	Tabasaran	Tatil'	village	no	yes	Expression of the sense ‘maize’	hajj-wheat	Type of name	hajj-wheat native	гьяджидяхин	haˤǯidaˤχin	кукуруза	maize			chechuroetal2019	Tatil2, Tatil3	Samira Verhees	May 2025
160	East Caucasian	Lezgic	Tabasaran	Tatil'	village	no	no	Expression of the sense ‘maize’	hajj-wheat	Type of name	haǯibuɣda - Azeri	гъяжибугъда	ʁaˤžibuʁda	кукуруза	maize			chechuroetal2019	Tatil5	Samira Verhees	May 2025
164	East Caucasian	Lezgic	Tabasaran	Yagdyg	village	no	yes	Expression of the sense ‘maize’	hajj-wheat	Type of name	hajj-wheat native	гьяжидяхин	haˤžidaˤχin	кукуруза	maize			chechuroetal2019	Yagdyg3, Yagdyg6	Samira Verhees	May 2025
163	East Caucasian	Lezgic	Tabasaran	Yagdyg	village	no	no	Expression of the sense ‘maize’	hajj-wheat	Type of name	haǯibuɣda - Azeri	гьяджибугъда	haˤǯibuʁda	кукуруза	maize			chechuroetal2019	Yagdyg5	Samira Verhees	May 2025
162	East Caucasian	Lezgic	Tabasaran	Yagdyg	village	no	no	Expression of the sense ‘maize’	hajj-wheat	Type of name	haǯibuɣda - Azeri	гьяджибухда	haˤǯibuχda	кукуруза	maize			chechuroetal2019	Yagdyg2	Samira Verhees	May 2025
161	East Caucasian	Lezgic	Tabasaran	Yagdyg	village	no	no	Expression of the sense ‘maize’	hajj-wheat	Type of name	hajj-wheat native	гьяджидяхин	haˤǯidaˤχin	кукуруза	maize			chechuroetal2019	Yagdyg1, Yagdyg4	Samira Verhees	May 2025
212	East Caucasian	Lezgic	Tabasaran			no	no	Expression of the sense ‘maize’	hajj-wheat	Type of name	hajj-wheat native	hadzi-daxin	hadzi-daχin	Mais	maize		Arabic according to the author	erckert1895	98	Samira Verhees	May 2025
213	East Caucasian	Lezgic	Tabasaran			no	no	Expression of the sense ‘maize’	other wheat	Type of name	Şamaxı-wheat	šemaxi-daxin	šemaxi-daχin	Mais	maize		Arabic according to the author	erckert1895	98	Samira Verhees	May 2025
130	East Caucasian	Andic	Tindi	Tindi	village	yes	yes	Expression of the sense ‘maize’	other	Type of name	unclear	чакар	čakar	кукуруза	maize		Homophonous with 'sugar' (incl. stress pattern)	magomedova2003	370	Samira Verhees	May 2025
58	East Caucasian	Andic	Tindi	Tindi	village	no	no	Expression of the sense ‘maize’	other	Type of name	unclear	гъварч1ч1а//гъвач1ч1а	ʁʷa(r)čʼːa	воздушная кукуруза	roasted maize kernels			magomedova2003	139	Samira Verhees	May 2025
11	East Caucasian	Lezgic	Tsakhur	Gel'mets	village	no	yes	Expression of the sense ‘maize’	other	Type of name	garɣɯdalɯ - Azeri	къаргъадали	qːarʁadali	кукуруза	maize			chechuroetal2019	Gelmets1, Gelmets2, Gelmets3	Samira Verhees	May 2025
165	East Caucasian	Lezgic	Tsakhur	Kurdul	village	no	yes	Expression of the sense ‘maize’	other	Type of name	garɣɯdalɯ - Azeri	къаргъудалы	qːarʁudalɨ	кукуруза	maize			chechuroetal2019	Kurdul1, Kurdul2, Kurdul3	Samira Verhees	May 2025
166	East Caucasian	Lezgic	Tsakhur	Mikik	village	no	yes	Expression of the sense ‘maize’	other	Type of name	garɣɯdalɯ - Azeri	къаргъадали	qːarʁadali	кукуруза	maize			chechuroetal2019	Mikik1, Mikik2	Samira Verhees	May 2025
167	East Caucasian	Lezgic	Tsakhur	Qum	village	no	yes	Expression of the sense ‘maize’	other	Type of name	garɣɯdalɯ - Azeri	qarğıdəlı	garɣɯdalɯ	кукуруза	maize			chechuroetal2019	Qum1, Qum2	Samira Verhees	May 2025
59	East Caucasian	Lezgic	Tsakhur	Tsakh	dialect_toplevel	yes	yes	Expression of the sense ‘maize’	other	Type of name	garɣɯdalɯ - Azeri	къаргъуделий//къаргъудалий	qːarʁadelij // qːarʁudalij 	кукуруза	maize			ibragimovnurmamedov2010	215	Samira Verhees	May 2025
209	East Caucasian	Lezgic	Tsakhur			no	no	Expression of the sense ‘maize’	other	Type of name	unclear	kargodámo	kargodamo	Mais	maize			erckert1895	98	Samira Verhees	May 2025
169	East Caucasian	Tsezic	Tsez	Kidero	village	no	yes	Expression of the sense ‘maize’	other	Type of name	kukuruza - Russian	кукуруза	kukuruza	кукуруза	maize			chechuroetal2019	Kidero3	Samira Verhees	May 2025
182	East Caucasian	Tsezic	Tsez	Kidero	dialect_nt1	no	no	Expression of the sense ‘maize’	other	Type of name	unclear	ГЪАГЪ/А	ʁaʁa	воздушная кукуруза	roasted maize kernels			xalilov1999	87	Samira Verhees	May 2025
60	East Caucasian	Tsezic	Tsez	Kidero	dialect_nt1	yes	yes	Expression of the sense ‘maize’	other	Type of name	simindi - Georgian	симилди	simildi	кукуруза	maize			xalilov1999	228	Samira Verhees	May 2025
168	East Caucasian	Tsezic	Tsez	Kidero	village	no	no	Expression of the sense ‘maize’	other	Type of name	simindi - Georgian	симилди	simildi	кукуруза	maize			chechuroetal2019	Kidero1, Kidero2	Samira Verhees	May 2025
197	East Caucasian	Tsezic	Tsez			no	no	Expression of the sense ‘maize’	other	Type of name	simindi - Georgian	similduj	similduj	Mais, Mekkapilger-Weizen	maize			erckert1895	98	Samira Verhees	May 2025
61	East Caucasian	Nakh	Tsova-Tush	Zemo-Alvani	village	yes	yes	Expression of the sense ‘maize’	other	Type of name	simindi - Georgian	simĩd	simiːd	maize	maize			bertlani2013	280	Samira Verhees	May 2025
238	East Caucasian	Nakh	Tsova-Tush			no	no	Expression of the sense ‘maize’	other	Type of name	simindi - Georgian	simindi	simindi	Mays	maize			guldenstadt1791	508	Samira Verhees	May 2025
183	East Caucasian	Lezgic	Udi	Nizh	dialect_toplevel	no	yes	Expression of the sense ‘maize’	other	Type of name	garɣɯdalɯ - Azeri	къардали	qːardali	кукуруза	maize			gukasyan1974	154	Samira Verhees	May 2025
62	East Caucasian	Lezgic	Udi	Vartashen	dialect_toplevel	yes	yes	Expression of the sense ‘maize’	other	Type of name	garɣɯdalɯ - Azeri	къаргъодали	qːarʁodali	кукуруза	maize			gukasyan1974	154	Samira Verhees	May 2025
206	East Caucasian	Lezgic	Udi			no	no	Expression of the sense ‘maize’	other	Type of name	garɣɯdalɯ - Azeri	qarghudali	qarɣudali	Mais	maize			erckert1895	98	Samira Verhees	May 2025
70	East Caucasian	Andic	Upper Andi	Andi	village	yes	yes	Expression of the sense ‘maize’	hajj-wheat	Type of name	ħæžkʼa - Chechen	гьечIинкIа	hečʼinkʼa	кукуруза	maize			alisultanova2009	54	Samira Verhees	May 2025
71	East Caucasian	Andic	Upper Andi	Gagatli	village	no	yes	Expression of the sense ‘maize’	hajj-wheat	Type of name	ħæžkʼa - Chechen	гьеджинкӀа	heǯinkʼa	кукуруза	maize		Salimov mentions on page 42 that this is a borrowing from Chechen	salimov2010	276	Samira Verhees	May 2025
72	East Caucasian	Andic	Upper Andi	Rikvani	village	no	yes	Expression of the sense ‘maize’	hajj-wheat	Type of name	ħæžkʼa - Chechen	гьеч1инк1а	hečʼinkʼa	кукуруза	maize			suleymanov1957	58	Samira Verhees	May 2025
135	East Caucasian	Andic	Upper Andi	Zilo	village	no	no	Expression of the sense ‘maize’	hajj-wheat	Type of name	ħæžkʼa - Chechen	х1еч1ч1инк1а	ħečʼːinkʼa	кукуруза	maize			chechuroetal2019	Zilo2	Samira Verhees	May 2025
24	East Caucasian	Andic	Upper Andi	Zilo	village	no	yes	Expression of the sense ‘maize’	hajj-wheat	Type of name	ħæžkʼa - Chechen	хӏечӏинкӏа	ħečʼinkʼa	кукуруза	maize			moroz2024		Samira Verhees	May 2025
134	East Caucasian	Andic	Upper Andi	Zilo	village	no	no	Expression of the sense ‘maize’	hajj-wheat	Type of name	ħæžkʼa - Chechen	х1еч1инк1а	ħečʼinkʼa	кукуруза	maize			chechuroetal2019	Zilo1	Samira Verhees	May 2025
243	East Caucasian	Andic	Upper Andi			no	no	Expression of the sense ‘maize’	other	Type of name	unclear	tschoral lora	čoral lora	Mays	maize			guldenstadt1791	523	Samira Verhees	May 2025
196	East Caucasian	Andic	Upper Andi			no	no	Expression of the sense ‘maize’	hajj-wheat	Type of name	ħæžkʼa - Chechen	hedžin-kol	heǯin-kol	Mais	maize		Arabic according to the author	erckert1895	98	Samira Verhees	May 2025