id	family	group	language	idiom	type	genlang_point	map	chapter	feature1	value_as_in_source_j	value1	feature2	value_as_in_source_h	value2	feature3	value3	source	page	contributor	date
1	East Caucasian	Lezgic	Agul	Central Agul	dialect_toplevel	yes	yes	Meaning of words hajwan and dʒanawar	"Translation of ""hajwan"""	horse, animal, beast, livestock	horse, wild animal	Translation of dʒanawar	wolf	wild animal	The presence of 'wolf' meaning	yes	ramazanov2010	649; 272	Dasha Tsikh	
2	East Caucasian	Andic	Northern Akhvakh	Tad-Magitl'	village	yes	yes	Meaning of words hajwan and dʒanawar	"Translation of ""hajwan"""	animal, livestock. beast, horse	horse, wild animal	Translation of dʒanawar	not attested	not attested	The presence of 'wolf' meaning	not attested	magomedovaabdulaeva2007; khalilov2023a	206;	Dasha Tsikh	
3	East Caucasian	Andic	Upper Andi	Gagatli	village	yes	yes	Meaning of words hajwan and dʒanawar	"Translation of ""hajwan"""	animal, beast	wild animal	Translation of dʒanawar	beast, predator	wild animal	The presence of 'wolf' meaning	no	salimov2010	271; 289	Dasha Tsikh	
4	East Caucasian	Lezgic	Archi	Archib	village	yes	yes	Meaning of words hajwan and dʒanawar	"Translation of ""hajwan"""	animal	animal	Translation of dʒanawar	not attested	not attested	The presence of 'wolf' meaning	not attested	kibrik1977dict	181	Dasha Tsikh	
5	Indo-European	Armenic	Eastern Armenian	Standard Armenian	language	yes	yes	Meaning of words hajwan and dʒanawar	"Translation of ""hajwan"""	animal	animal	Translation of dʒanawar	beast, wolf	wild animal	The presence of 'wolf' meaning	yes			Dasha Tsikh	
6	East Caucasian	Avar	Avar	Standard Avar	language	yes	yes	Meaning of words hajwan and dʒanawar	"Translation of ""hajwan"""	animal	animal	Translation of dʒanawar	beast	wild animal	The presence of 'wolf' meaning	no	saidova2008; zhirkov1936	27; 82	Dasha Tsikh	
7	Turkic	Oghuz	Azerbaijani	Standard Azerbaijani	language	yes	yes	Meaning of words hajwan and dʒanawar	"Translation of ""hajwan"""	animal, livestock	livestock	Translation of dʒanawar	wolf	wild animal	The presence of 'wolf' meaning	yes	tagiyev2006a	361; 399	Dasha Tsikh	
8	East Caucasian	Andic	Bagvalal	Khushtada	village	yes	yes	Meaning of words hajwan and dʒanawar	"Translation of ""hajwan"""	animal, livestock	livestock	Translation of dʒanawar	beast	wild animal	The presence of 'wolf' meaning	no	magomedova2004	369; 182	Dasha Tsikh	
9	East Caucasian	Tsezic	Bezhta	Bezhta	language	yes	yes	Meaning of words hajwan and dʒanawar	"Translation of ""hajwan"""	animal, livestock	livestock	Translation of dʒanawar	wild animal	wild animal	The presence of 'wolf' meaning	no	xalilov2015; comrieetal2015	135; 77	Dasha Tsikh	
10	East Caucasian	Andic	Botlikh	Botlikh	village	yes	yes	Meaning of words hajwan and dʒanawar	"Translation of ""hajwan"""	animal, livestock	livestock	Translation of dʒanawar	beast	wild animal	The presence of 'wolf' meaning	no	saidovaabusov2012	383; 188	Dasha Tsikh	
11	East Caucasian	Lezgic	Budukh	Budukh	language	yes	yes	Meaning of words hajwan and dʒanawar	"Translation of ""hajwan"""	animal 	animal	Translation of dʒanawar	wolf	wild animal	The presence of 'wolf' meaning	yes	mejlanova1984	149; 56	Dasha Tsikh	
12	East Caucasian	Andic	Chamalal	Lower Gakvari	dialect_toplevel	yes	yes	Meaning of words hajwan and dʒanawar	"Translation of ""hajwan"""	animal, livestock	livestock	Translation of dʒanawar	beast	wild animal	The presence of 'wolf' meaning	no	magomedova1999	282; 151	Dasha Tsikh	
13	East Caucasian	Nakh	Chechen	Standard Chechen	language	yes	yes	Meaning of words hajwan and dʒanawar	"Translation of ""hajwan"""	animal 	animal	Translation of dʒanawar	not attested	not attested	The presence of 'wolf' meaning	not attested	karasaevmaciev1978	155	Dasha Tsikh	
14	East Caucasian	Dargwa	Northern Dargwa	Standard Dargwa	language	yes	yes	Meaning of words hajwan and dʒanawar	"Translation of ""hajwan"""	animal, livestock	livestock	Translation of dʒanawar	wolf, beast, predator	wild animal	The presence of 'wolf' meaning	yes	yusupov2014	1044; 426	Dasha Tsikh	
15	East Caucasian	Dargwa	Mehweb	Megeb	village	yes	yes	Meaning of words hajwan and dʒanawar	"Translation of ""hajwan"""	livestock	livestock	Translation of dʒanawar	wolf	wild animal	The presence of 'wolf' meaning	yes	danieletal2019		Dasha Tsikh	
16	East Caucasian	Dargwa	Sanzhi-Itsari	Itsari	village	yes	yes	Meaning of words hajwan and dʒanawar	"Translation of ""hajwan"""	livestock	livestock	Translation of dʒanawar	beast	wild animal	The presence of 'wolf' meaning	no	mutalov2002		Dasha Tsikh	
17	Kartvelian	Georgic	Georgian	Georgian	language	yes	yes	Meaning of words hajwan and dʒanawar	"Translation of ""hajwan"""	not attested	not attested	Translation of dʒanawar	not attested	not attested	The presence of 'wolf' meaning	not attested			Dasha Tsikh	
18	East Caucasian	Andic	Godoberi	Godoberi	village	yes	yes	Meaning of words hajwan and dʒanawar	"Translation of ""hajwan"""	animal, livestock	livestock	Translation of dʒanawar	beast	wild animal	The presence of 'wolf' meaning	no	saidova2006	357; 400; 360	Dasha Tsikh	
19	East Caucasian	Tsezic	Hinuq	Genukh	village	yes	yes	Meaning of words hajwan and dʒanawar	"Translation of ""hajwan"""	animal, livestock	livestock	Translation of dʒanawar	beast, predator	wild animal	The presence of 'wolf' meaning	no	xalilovisakov2005	593; 262	Dasha Tsikh	
20	East Caucasian	Tsezic	Hunzib	Hunzib	language	yes	yes	Meaning of words hajwan and dʒanawar	"Translation of ""hajwan"""	animal 	animal	Translation of dʒanawar	beast	wild animal	The presence of 'wolf' meaning	no	isakovxalilov2001; isakovxalilov2012	118; 291	Dasha Tsikh	
21	East Caucasian	Nakh	Ingush	Standard Ingush	language	yes	yes	Meaning of words hajwan and dʒanawar	"Translation of ""hajwan"""	livestock	livestock	Translation of dʒanawar	not attested	not attested	The presence of 'wolf' meaning	not attested	kurkiev2005	219	Dasha Tsikh	
22	East Caucasian	Andic	Karata	Tukita	village	yes	yes	Meaning of words hajwan and dʒanawar	"Translation of ""hajwan"""	animal, livestock	livestock	Translation of dʒanawar	beast	wild animal	The presence of 'wolf' meaning	no	magomedovaxalidova2001	296; 22	Dasha Tsikh	
23	East Caucasian	Khinalug	Khinalug	Khinalug	language	yes	yes	Meaning of words hajwan and dʒanawar	"Translation of ""hajwan"""	livestock	livestock	Translation of dʒanawar	wolf	wild animal	The presence of 'wolf' meaning	yes	ganieva2002	160; 55	Dasha Tsikh	
24	East Caucasian	Tsezic	Khwarshi	Inkhoqwari	dialect_toplevel	yes	yes	Meaning of words hajwan and dʒanawar	"Translation of ""hajwan"""	animal	animal	Translation of dʒanawar	beast	wild animal	The presence of 'wolf' meaning	no	khalilova2009	49; 177	Dasha Tsikh	
25	East Caucasian	Lezgic	Kryz	Kryz	language	yes	yes	Meaning of words hajwan and dʒanawar	"Translation of ""hajwan"""	animal	animal	Translation of dʒanawar	not attested	not attested	The presence of 'wolf' meaning	not attested	khalilov2023b		Dasha Tsikh	
26	Turkic	Kipchak	Kumyk	Standard Kumyk	language	yes	yes	Meaning of words hajwan and dʒanawar	"Translation of ""hajwan"""	animal, livestock, beast	wild animal	Translation of dʒanawar	animal 	animal 	The presence of 'wolf' meaning	no	bammatov2013; khalilov2023c	96;	Dasha Tsikh	
27	East Caucasian	Lak	Lak	Standard Lak	language	yes	yes	Meaning of words hajwan and dʒanawar	"Translation of ""hajwan"""	animal, livestock, sheep	sheep	Translation of dʒanawar	beast	wild animal	The presence of 'wolf' meaning	no	khajdakov1962	194; 114	Dasha Tsikh	
28	East Caucasian	Lezgic	Lezgian	Gyuney	dialect_nt1	yes	yes	Meaning of words hajwan and dʒanawar	"Translation of ""hajwan"""	animal, livestock	livestock	Translation of dʒanawar	wolf	wild animal	The presence of 'wolf' meaning	yes	talibovgadzhiev1966	98; 126	Dasha Tsikh	
29	Turkic	Kipchak	Nogai	Standard Nogai	language	yes	yes	Meaning of words hajwan and dʒanawar	"Translation of ""hajwan"""	animal, livestock, beast	wild animal	Translation of dʒanawar	not attested	not attested	The presence of 'wolf' meaning	not attested	baskakov1963	27	Dasha Tsikh	
30	East Caucasian	Lezgic	Rutul	Standard Rutul	language	yes	yes	Meaning of words hajwan and dʒanawar	"Translation of ""hajwan"""	animal, livestock	livestock	Translation of dʒanawar	beast, predator	wild animal	The presence of 'wolf' meaning	no	alisultanovsulejmanova2019	415; 132	Dasha Tsikh	
31	East Caucasian	Lezgic	Tabasaran	Standard Tabasaran	language	yes	yes	Meaning of words hajwan and dʒanawar	"Translation of ""hajwan"""	not attested	not attested	Translation of dʒanawar	wolf	wild animal	The presence of 'wolf' meaning	yes	xanmagomedovshalbuzov2001	81	Dasha Tsikh	
32	Indo-European	Iranian	Juhuri	Juhuri	language	yes	yes	Meaning of words hajwan and dʒanawar	"Translation of ""hajwan"""	animal, livestock, beast	wild animal	Translation of dʒanawar	beast, predator	wild animal	The presence of 'wolf' meaning	no	izgijaeva2005	214; 107	Dasha Tsikh	
33	East Caucasian	Andic	Tindi	Tindi	village	yes	yes	Meaning of words hajwan and dʒanawar	"Translation of ""hajwan"""	animal, livestock	livestock	Translation of dʒanawar	not attested	not attested	The presence of 'wolf' meaning	not attested	magomedova2003	351	Dasha Tsikh	
34	East Caucasian	Lezgic	Tsakhur	Tsakh	dialect_toplevel	yes	yes	Meaning of words hajwan and dʒanawar	"Translation of ""hajwan"""	animal, livestock	livestock	Translation of dʒanawar	animal, livestock	livestock	The presence of 'wolf' meaning	no	ibragimovnurmamedov2010	136; 387	Dasha Tsikh	
35	East Caucasian	Tsezic	Tsez	Kidero	dialect_nt1	yes	yes	Meaning of words hajwan and dʒanawar	"Translation of ""hajwan"""	animal, livestock	livestock	Translation of dʒanawar	beast, predator	wild animal	The presence of 'wolf' meaning	no	xalilov1999	489; 217	Dasha Tsikh	
36	East Caucasian	Nakh	Tsova-Tush	Tsova-Tush	language	yes	yes	Meaning of words hajwan and dʒanawar	"Translation of ""hajwan"""	not attested	not attested	Translation of dʒanawar	not attested	not attested	The presence of 'wolf' meaning	not attested			Dasha Tsikh	
37	East Caucasian	Lezgic	Udi	Udi	language	yes	yes	Meaning of words hajwan and dʒanawar	"Translation of ""hajwan"""	not attested	not attested	Translation of dʒanawar	wolf	wild animal	The presence of 'wolf' meaning	yes	mobili2010	78	Dasha Tsikh	
